{
  "faithfulness": 1.0,
  "answer_relevancy": 0.90446650398,
  "context_precision": 0.89333333332,
  "context_recall": 0.583333333325
}